/*
 Navicat Premium Data Transfer

 Source Server         : localhost
 Source Server Type    : MySQL
 Source Server Version : 50710
 Source Host           : localhost
 Source Database       : auction

 Target Server Type    : MySQL
 Target Server Version : 50710
 File Encoding         : utf-8

 Date: 08/23/2016 21:48:43 PM
*/

SET NAMES utf8;
SET FOREIGN_KEY_CHECKS = 0;

-- ----------------------------
--  Table structure for `address`
-- ----------------------------
DROP TABLE IF EXISTS `address`;
CREATE TABLE `address` (
  `id` int(11) NOT NULL AUTO_INCREMENT,
  `user` int(255) NOT NULL,
  `isDefault` tinyint(1) NOT NULL,
  `province` varchar(255) NOT NULL,
  `city` varchar(255) NOT NULL,
  `district` varchar(255) NOT NULL,
  `address` varchar(255) NOT NULL,
  `name` varchar(255) NOT NULL,
  `createAt` bigint(20) NOT NULL,
  `updateAt` bigint(20) NOT NULL,
  `phoneNum` varchar(255) DEFAULT NULL,
  PRIMARY KEY (`id`),
  KEY `address_ibfk_1` (`user`),
  CONSTRAINT `address_ibfk_1` FOREIGN KEY (`user`) REFERENCES `user` (`id`) ON DELETE CASCADE ON UPDATE CASCADE
) ENGINE=InnoDB AUTO_INCREMENT=24 DEFAULT CHARSET=utf8;

-- ----------------------------
--  Records of `address`
-- ----------------------------
BEGIN;
INSERT INTO `address` VALUES ('3', '2', '0', '北京', '北京', '东城区', 'aaaaaaxxxxx', '这是第3条地址', '1468489586809', '1470722061338', '18530268149'), ('4', '2', '1', '天津', '天津', '和平区', 'aaaaa', '这是第4条地址', '1468489586809', '1470722045211', '18530268149'), ('5', '3', '1', '', '', '', '', '这是第5条地址', '1468489586809', '1468489586809', null), ('6', '3', '0', '', '', '', '', '这是第6条地址', '1468489586809', '1468489586809', null), ('7', '4', '1', '', '', '', '', '这是第7条地址', '1468489586809', '1468489586809', null), ('8', '4', '0', '', '', '', '', '这是第8条地址', '1468489586809', '1468489586809', null), ('9', '5', '1', '', '', '', '', '这是第9条地址', '1468489586809', '1468489586809', null), ('10', '5', '0', '', '', '', '', '这是第10条地址', '1468489586809', '1468489586809', null), ('11', '6', '1', '', '', '', '', '这是第11条地址', '1468489586809', '1468489586809', null), ('12', '6', '0', '', '', '', '', '这是第12条地址', '1468489586809', '1468489586809', null), ('13', '7', '1', '', '', '', '', '这是第13条地址', '1468489586809', '1468489586809', null), ('14', '7', '0', '', '', '', '', '这是第14条地址', '1468489586809', '1468489586809', null), ('15', '8', '1', '', '', '', '', '这是第15条地址', '1468489586809', '1468489586809', null), ('16', '8', '0', '', '', '', '', '这是第16条地址', '1468489586809', '1468489586809', null), ('17', '9', '1', '', '', '', '', '这是第17条地址', '1468489586809', '1468489586809', null), ('18', '9', '0', '', '', '', '', '这是第18条地址', '1468489586809', '1468489586809', null), ('19', '10', '1', '', '', '', '', '这是第19条地址', '1468489586809', '1468489586809', null), ('20', '10', '0', '', '', '', '', '这是第20条地址', '1468489586809', '1468489586809', null), ('21', '1', '1', '辽宁', '大连', '沙河口区', 'chongqing university', 'aa', '1470704524931', '1470721589195', '18530268149'), ('22', '1', '0', '山西', '太原', '小店区', 'adsfdsaf', 'sdafdasf', '1470707543437', '1470721545255', '18530268149'), ('23', '1', '0', '重庆', '重庆', '渝中区', 'chongqing university', 'dsafd', '1470707622585', '1470721580142', '18530268149');
COMMIT;

-- ----------------------------
--  Table structure for `article`
-- ----------------------------
DROP TABLE IF EXISTS `article`;
CREATE TABLE `article` (
  `id` int(11) NOT NULL AUTO_INCREMENT,
  `title` varchar(255) NOT NULL,
  `image` int(11) DEFAULT NULL,
  `content` text,
  `author` int(11) NOT NULL,
  `type` int(11) NOT NULL,
  `createAt` bigint(20) NOT NULL DEFAULT '0',
  `updateAt` bigint(20) NOT NULL DEFAULT '0',
  PRIMARY KEY (`id`),
  KEY `author` (`author`),
  KEY `type` (`type`),
  KEY `article_ibfk_3` (`image`),
  CONSTRAINT `article_ibfk_1` FOREIGN KEY (`author`) REFERENCES `user` (`id`) ON DELETE CASCADE ON UPDATE CASCADE,
  CONSTRAINT `article_ibfk_2` FOREIGN KEY (`type`) REFERENCES `article_type` (`id`) ON DELETE CASCADE ON UPDATE CASCADE
) ENGINE=InnoDB AUTO_INCREMENT=53 DEFAULT CHARSET=utf8;

-- ----------------------------
--  Records of `article`
-- ----------------------------
BEGIN;
INSERT INTO `article` VALUES ('6', '这是第6篇文章的题目', '7', '<p>这是第6篇文章的内容，写的真精彩aaaaa!!!</p>', '2', '3', '1468489586790', '1470723398497'), ('7', '这是第7篇文章的题目', '8', '这是第7篇文章的内容，写的真精彩', '2', '4', '1468489586790', '1468489586790'), ('9', '这是第9篇文章的题目', '10', '这是第9篇文章的内容，写的真精彩', '2', '2', '1468489586791', '1468489586791'), ('10', '这是第10篇文章的题目', '1', '这是第10篇文章的内容，写的真精彩', '2', '3', '1468489586791', '1468489586791'), ('11', '这是第11篇文章的题目', '2', '这是第11篇文章的内容，写的真精彩', '3', '2', '1468489586791', '1468489586791'), ('13', '这是第13篇文章的题目', '4', '这是第13篇文章的内容，写的真精彩', '3', '2', '1468489586791', '1468489586791'), ('14', '这是第14篇文章的题目', '5', '这是第14篇文章的内容，写的真精彩', '3', '3', '1468489586791', '1468489586791'), ('15', '这是第15篇文章的题目', '6', '这是第15篇文章的内容，写的真精彩', '3', '1', '1468489586791', '1468489586791'), ('17', '这是第17篇文章的题目', '8', '这是第17篇文章的内容，写的真精彩', '4', '2', '1468489586791', '1468489586791'), ('18', '这是第18篇文章的题目', '9', '这是第18篇文章的内容，写的真精彩', '4', '3', '1468489586791', '1468489586791'), ('19', '这是第19篇文章的题目', '10', '这是第19篇文章的内容，写的真精彩', '4', '1', '1468489586792', '1468489586792'), ('21', '这是第21篇文章的题目', '2', '这是第21篇文章的内容，写的真精彩', '5', '2', '1468489586792', '1468489586792'), ('22', '这是第22篇文章的题目', '3', '这是第22篇文章的内容，写的真精彩', '5', '1', '1468489586792', '1468489586792'), ('23', '这是第23篇文章的题目', '4', '这是第23篇文章的内容，写的真精彩', '5', '1', '1468489586792', '1468489586792'), ('25', '这是第25篇文章的题目', '6', '这是第25篇文章的内容，写的真精彩', '5', '2', '1468489586792', '1468489586792'), ('26', '这是第26篇文章的题目', '7', '这是第26篇文章的内容，写的真精彩', '6', '3', '1468489586792', '1468489586792'), ('27', '这是第27篇文章的题目', '8', '这是第27篇文章的内容，写的真精彩', '6', '1', '1468489586792', '1468489586792'), ('38', 'asdfads', '0', '<p>fasdf</p>', '2', '1', '1470725003585', '1470725003585'), ('44', '12121', '0', '<p>12121</p>', '2', '3', '1470849981856', '1470849981856'), ('45', '121212222222', '0', '<p>121212</p>', '2', '3', '1470850020151', '1470850020151'), ('46', '12212', '0', '<p>1212121</p>', '2', '3', '1471630594872', '1471630594872'), ('49', '新的文章', '0', '<p>xindewenz</p>', '2', '3', '1471630899340', '1471630899340'), ('50', '12121', '0', '<p>1212121</p>', '2', '1', '1471631043868', '1471631043868'), ('51', '新的文章', '0', '<p>hueiiwjpop</p>', '2', '3', '1471631112388', '1471631112388'), ('52', '新的文章', '0', '<p>asaas</p>', '2', '2', '1471631432985', '1471631432985');
COMMIT;

-- ----------------------------
--  Table structure for `article_type`
-- ----------------------------
DROP TABLE IF EXISTS `article_type`;
CREATE TABLE `article_type` (
  `id` int(11) NOT NULL AUTO_INCREMENT,
  `name` varchar(255) NOT NULL,
  `desc` varchar(255) DEFAULT NULL,
  `createAt` bigint(20) NOT NULL,
  `updateAt` bigint(20) NOT NULL DEFAULT '0',
  PRIMARY KEY (`id`),
  UNIQUE KEY `name` (`name`)
) ENGINE=InnoDB AUTO_INCREMENT=5 DEFAULT CHARSET=utf8;

-- ----------------------------
--  Records of `article_type`
-- ----------------------------
BEGIN;
INSERT INTO `article_type` VALUES ('1', '系统公告', '系统公告', '0', '0'), ('2', '新闻动态', '系统发布的公告', '1468489586629', '1468489586629'), ('3', '行业动态', '系统发布的公告', '1468489586629', '1468489586629'), ('4', '知识荟萃', '系统发布的公告', '1468489586629', '1468489586629');
COMMIT;

-- ----------------------------
--  Table structure for `authority`
-- ----------------------------
DROP TABLE IF EXISTS `authority`;
CREATE TABLE `authority` (
  `id` int(11) NOT NULL AUTO_INCREMENT,
  `name` varchar(255) NOT NULL,
  `desc` varchar(255) DEFAULT NULL,
  `allows` text NOT NULL,
  `createAt` bigint(20) NOT NULL DEFAULT '0',
  `updateAt` bigint(20) NOT NULL DEFAULT '0',
  PRIMARY KEY (`id`),
  UNIQUE KEY `name` (`name`)
) ENGINE=InnoDB AUTO_INCREMENT=4 DEFAULT CHARSET=utf8;

-- ----------------------------
--  Records of `authority`
-- ----------------------------
BEGIN;
INSERT INTO `authority` VALUES ('1', '浏览拍品', '描述浏览拍品', '允许浏览拍品', '1468489586669', '1468489586669'), ('2', '参与竞标', '描述参与竞标', '允许参与竞标', '1468489586669', '1468489586669'), ('3', '送货上门', '描述送货上门', '允许送货上门', '1468489586669', '1468489586669');
COMMIT;

-- ----------------------------
--  Table structure for `bid`
-- ----------------------------
DROP TABLE IF EXISTS `bid`;
CREATE TABLE `bid` (
  `id` int(11) NOT NULL AUTO_INCREMENT,
  `item` int(11) NOT NULL,
  `user` int(11) NOT NULL,
  `value` decimal(10,0) NOT NULL,
  `status` tinyint(4) NOT NULL DEFAULT '0' COMMENT '0：得标； 1：失败； 2：领先；3： 被超；',
  `createAt` bigint(20) NOT NULL DEFAULT '0',
  `updateAt` bigint(20) NOT NULL DEFAULT '0',
  PRIMARY KEY (`id`),
  KEY `item` (`item`),
  KEY `user` (`user`),
  CONSTRAINT `bid_ibfk_1` FOREIGN KEY (`item`) REFERENCES `item` (`id`) ON DELETE CASCADE ON UPDATE CASCADE,
  CONSTRAINT `bid_ibfk_2` FOREIGN KEY (`user`) REFERENCES `user` (`id`) ON DELETE CASCADE ON UPDATE CASCADE
) ENGINE=InnoDB AUTO_INCREMENT=70 DEFAULT CHARSET=utf8;

-- ----------------------------
--  Records of `bid`
-- ----------------------------
BEGIN;
INSERT INTO `bid` VALUES ('1', '2', '2', '100', '1', '1468489587185', '1471619365871'), ('2', '3', '3', '150', '1', '1468489587185', '1471286589989'), ('3', '4', '4', '200', '1', '1468489587185', '1471286590014'), ('4', '5', '5', '250', '0', '1468489587185', '1468489587185'), ('5', '6', '6', '300', '1', '1468489587185', '1468489587185'), ('6', '7', '7', '350', '2', '1468489587185', '1468489587185'), ('7', '8', '8', '400', '3', '1468489587185', '1468489587185'), ('8', '9', '9', '450', '1', '1468489587185', '1471545516629'), ('9', '10', '10', '500', '1', '1468489587185', '1468489587185'), ('10', '1', '1', '550', '1', '1468489587185', '1471618184688'), ('11', '2', '1', '600', '1', '1468489587185', '1471619365871'), ('12', '3', '1', '650', '1', '1468489587185', '1471286589989'), ('13', '4', '1', '700', '1', '1468489587186', '1471286590014'), ('14', '5', '5', '750', '2', '1468489587186', '1468489587186'), ('15', '6', '6', '800', '3', '1468489587186', '1468489587186'), ('16', '7', '7', '850', '0', '1468489587186', '1468489587186'), ('17', '8', '8', '900', '1', '1468489587186', '1468489587186'), ('18', '9', '9', '950', '1', '1468489587186', '1471545516629'), ('19', '10', '10', '1000', '3', '1468489587186', '1468489587186'), ('20', '2', '1', '1050', '1', '1468489587186', '1471619365871'), ('21', '2', '2', '1100', '1', '1468489587186', '1471619365871'), ('22', '3', '3', '1150', '1', '1468489587186', '1471286589989'), ('23', '4', '4', '1200', '1', '1468489587186', '1471286590014'), ('24', '5', '5', '1250', '0', '1468489587187', '1468489587187'), ('25', '6', '6', '1300', '1', '1468489587187', '1468489587187'), ('26', '7', '7', '1350', '2', '1468489587187', '1468489587187'), ('27', '8', '8', '1400', '3', '1468489587187', '1468489587187'), ('28', '9', '9', '1450', '1', '1468489587187', '1471545516629'), ('29', '10', '10', '1500', '1', '1468489587187', '1468489587187'), ('30', '1', '1', '1550', '1', '1468489587187', '1471618184688'), ('31', '23', '2', '62', '1', '1470758231249', '1470758231249'), ('32', '23', '2', '112', '1', '1470758256712', '1470758256712'), ('33', '23', '2', '162', '1', '1470758261166', '1470758261166'), ('34', '23', '2', '212', '1', '1470758269708', '1470758269708'), ('35', '10', '2', '1600', '1', '1470847574836', '1470847574836'), ('40', '9', '2', '1550', '0', '1471285038275', '1471545516626'), ('41', '9', '2', '59', '0', '1471285051640', '1471545516626'), ('42', '9', '2', '59', '0', '1471285081959', '1471545516626'), ('43', '9', '2', '59', '0', '1471285137818', '1471545516626'), ('44', '9', '2', '59', '0', '1471285217597', '1471545516626'), ('45', '9', '2', '109', '0', '1471285223229', '1471545516626'), ('46', '9', '2', '159', '0', '1471285227498', '1471545516626'), ('47', '9', '2', '209', '0', '1471287924366', '1471545516626'), ('48', '9', '2', '259', '0', '1471287944929', '1471545516626'), ('49', '9', '2', '309', '0', '1471330781414', '1471545516626'), ('50', '9', '2', '359', '0', '1471330800905', '1471545516626'), ('51', '9', '2', '409', '0', '1471330843663', '1471545516626'), ('52', '9', '2', '459', '0', '1471330949992', '1471545516626'), ('57', '9', '2', '509', '0', '1471332776375', '1471545516626'), ('58', '9', '2', '559', '0', '1471332905799', '1471545516626'), ('59', '9', '2', '609', '0', '1471333029569', '1471545516626'), ('60', '9', '2', '659', '0', '1471333798518', '1471545516626'), ('61', '9', '2', '709', '0', '1471541270416', '1471545516626'), ('66', '9', '2', '759', '0', '1471541938505', '1471545516626'), ('67', '9', '2', '809', '0', '1471541971805', '1471545516626'), ('68', '9', '2', '859', '0', '1471544339062', '1471545516626'), ('69', '9', '2', '909', '0', '1471544436052', '1471545516626');
COMMIT;

-- ----------------------------
--  Table structure for `config`
-- ----------------------------
DROP TABLE IF EXISTS `config`;
CREATE TABLE `config` (
  `id` int(11) NOT NULL AUTO_INCREMENT,
  `config` text NOT NULL,
  `createAt` bigint(20) NOT NULL,
  `updateAt` bigint(20) NOT NULL,
  PRIMARY KEY (`id`)
) ENGINE=InnoDB AUTO_INCREMENT=2 DEFAULT CHARSET=utf8;

-- ----------------------------
--  Records of `config`
-- ----------------------------
BEGIN;
INSERT INTO `config` VALUES ('1', '{\"defaultRoles\":[{\"name\":\"anonymous\",\"desc\":\"user which has not signed up yet\",\"extend\":[],\"authorities\":[\"index\",\"page\",\"home\",\"restAPI\"]},{\"name\":\"registered\",\"extend\":[\"anonymous\"],\"desc\":\"user which has already signed up and not assigned to other role\",\"authorities\":[\"admin\"]}],\"defaultAuthorities\":[{\"name\":\"index\",\"desc\":\"can visit index\",\"paths\":[\"/\"]},{\"name\":\"page\",\"desc\":\"can visit static page\",\"paths\":[\"/^page\\\\//\"]},{\"name\":\"home\",\"desc\":\"can use home module\",\"paths\":[\"/^home\\\\//\"]},{\"name\":\"restAPI\",\"desc\":\"can use rest API\",\"paths\":[\"/^rest\\\\//\"]},{\"name\":\"admin\",\"desc\":\"can admin the site\",\"paths\":[\"/^admin\\\\//\"]}],\"pageCount\":{\"default\":10,\"article\":5,\"item\":20,\"bid\":10,\"order\":10},\"auction\":{\"bid_increasment\":[[0,50],[1000,100],[5000,200],[10000,500],[20000,1000]],\"ahead_time\":{\"time\":1440},\"fix_time\":{\"need_delay_time\":5,\"auto_delay_time\":5}}}', '1468473580040', '1468473580040');
COMMIT;

-- ----------------------------
--  Table structure for `follow`
-- ----------------------------
DROP TABLE IF EXISTS `follow`;
CREATE TABLE `follow` (
  `id` int(10) unsigned NOT NULL AUTO_INCREMENT,
  `user` int(10) NOT NULL,
  `item` int(10) NOT NULL,
  `createAt` bigint(20) NOT NULL,
  `updateAt` bigint(20) NOT NULL,
  PRIMARY KEY (`id`),
  KEY `watching_ibfk_1` (`user`) USING BTREE,
  KEY `watching_ibfk_2` (`item`) USING BTREE,
  CONSTRAINT `follow_ibfk_1` FOREIGN KEY (`user`) REFERENCES `user` (`id`) ON DELETE CASCADE ON UPDATE CASCADE,
  CONSTRAINT `follow_ibfk_2` FOREIGN KEY (`item`) REFERENCES `item` (`id`) ON DELETE CASCADE ON UPDATE CASCADE
) ENGINE=InnoDB AUTO_INCREMENT=72 DEFAULT CHARSET=utf8;

-- ----------------------------
--  Records of `follow`
-- ----------------------------
BEGIN;
INSERT INTO `follow` VALUES ('62', '2', '20', '1471621802456', '1471621802456'), ('63', '2', '20', '1471621802456', '1471621802456'), ('64', '2', '20', '1471621802456', '1471621802456'), ('65', '2', '20', '1471621802456', '1471621802456'), ('66', '2', '20', '1471621802456', '1471621802456'), ('70', '2', '1', '1471627272487', '1471627272487'), ('71', '2', '2', '1471627282517', '1471627282517');
COMMIT;

-- ----------------------------
--  Table structure for `image`
-- ----------------------------
DROP TABLE IF EXISTS `image`;
CREATE TABLE `image` (
  `id` int(11) NOT NULL AUTO_INCREMENT,
  `originName` varchar(255) NOT NULL,
  `path` varchar(255) NOT NULL,
  `createAt` bigint(20) NOT NULL,
  `updateAt` bigint(20) NOT NULL,
  PRIMARY KEY (`id`),
  KEY `id` (`id`)
) ENGINE=InnoDB AUTO_INCREMENT=37 DEFAULT CHARSET=utf8;

-- ----------------------------
--  Records of `image`
-- ----------------------------
BEGIN;
INSERT INTO `image` VALUES ('1', 'avatar.png', 'file://UPLOAD_PATH/images/1e301a70-5891-11e6-b2e7-b3fd5b9adfa3.png', '1468489586529', '1468489586529'), ('2', 'image2', 'www/pictures/image2', '1468489586529', '1468489586529'), ('3', 'image3', 'www/pictures/image3', '1468489586529', '1468489586529'), ('4', 'image4', 'www/pictures/image4', '1468489586529', '1468489586529'), ('5', 'image5', 'www/pictures/image5', '1468489586529', '1468489586529'), ('6', 'image6', 'www/pictures/image6', '1468489586530', '1468489586530'), ('7', 'image7', 'www/pictures/image7', '1468489586530', '1468489586530'), ('8', 'image8', 'www/pictures/image8', '1468489586530', '1468489586530'), ('9', 'image9', 'www/pictures/image9', '1468489586530', '1468489586530'), ('10', 'image10', 'www/pictures/image10', '1468489586530', '1468489586530'), ('11', 'image11', 'www/pictures/image11', '1468489586530', '1468489586530'), ('12', 'image12', 'www/pictures/image12', '1468489586530', '1468489586530'), ('13', 'image13', 'www/pictures/image13', '1468489586530', '1468489586530'), ('14', 'image14', 'www/pictures/image14', '1468489586530', '1468489586530'), ('15', 'image15', 'www/pictures/image15', '1468489586530', '1468489586530'), ('16', 'image16', 'www/pictures/image16', '1468489586530', '1468489586530'), ('17', 'image17', 'www/pictures/image17', '1468489586530', '1468489586530'), ('18', 'image18', 'www/pictures/image18', '1468489586530', '1468489586530'), ('19', 'image19', 'www/pictures/image19', '1468489586530', '1468489586530'), ('20', '201211172256364491.png', 'file://UPLOAD_PATH/images/033ad2b0-5dd6-11e6-9747-0376144db653.png', '1468489586530', '1468489586530'), ('21', '1.JPG', 'file://UPLOAD_PATH/images/9bc84170-5e17-11e6-b289-675671fdd8a6.JPG', '1470708444011', '1470708444011'), ('22', '14.JPG', 'file://UPLOAD_PATH/images/9bc8ddb0-5e17-11e6-b289-675671fdd8a6.JPG', '1470736617244', '1470736617244'), ('23', '2.JPG', 'file://UPLOAD_PATH/images/9bc7a530-5e17-11e6-b289-675671fdd8a6.JPG', '1470736617243', '1470736617243'), ('24', '3.JPG', 'file://UPLOAD_PATH/images/9bc7cc40-5e17-11e6-b289-675671fdd8a6.JPG', '1470736617243', '1470736617243'), ('25', '4.JPG', 'file://UPLOAD_PATH/images/9bc7f350-5e17-11e6-b289-675671fdd8a6.JPG', '1470736617243', '1470736617243'), ('26', '5.JPG', 'file://UPLOAD_PATH/images/9bc7f351-5e17-11e6-b289-675671fdd8a6.JPG', '1470736617243', '1470736617243'), ('27', '6.JPG', 'file://UPLOAD_PATH/images/9bc81a60-5e17-11e6-b289-675671fdd8a6.JPG', '1470736617244', '1470736617244'), ('28', '7.JPG', 'file://UPLOAD_PATH/images/9bc81a61-5e17-11e6-b289-675671fdd8a6.JPG', '1470736617244', '1470736617244'), ('29', '8.JPG', 'file://UPLOAD_PATH/images/9bc84170-5e17-11e6-b289-675671fdd8a6.JPG', '1470736617244', '1470736617244'), ('30', '9.JPG', 'file://UPLOAD_PATH/images/9bc86880-5e17-11e6-b289-675671fdd8a6.JPG', '1470736617244', '1470736617244'), ('31', '10.JPG', 'file://UPLOAD_PATH/images/9bc86881-5e17-11e6-b289-675671fdd8a6.JPG', '1470736617244', '1470736617244'), ('32', '11.JPG', 'file://UPLOAD_PATH/images/9bc88f90-5e17-11e6-b289-675671fdd8a6.JPG', '1470736617244', '1470736617244'), ('33', '12.JPG', 'file://UPLOAD_PATH/images/9bc88f91-5e17-11e6-b289-675671fdd8a6.JPG', '1470736617244', '1470736617244'), ('34', '13.JPG', 'file://UPLOAD_PATH/images/9bc8b6a0-5e17-11e6-b289-675671fdd8a6.JPG', '1470736617244', '1470736617244'), ('35', '14.JPG', 'file://UPLOAD_PATH/images/9bc8ddb0-5e17-11e6-b289-675671fdd8a6.JPG', '1470736617244', '1470736617244'), ('36', 'null', 'null', '0', '0');
COMMIT;

-- ----------------------------
--  Table structure for `item`
-- ----------------------------
DROP TABLE IF EXISTS `item`;
CREATE TABLE `item` (
  `id` int(11) NOT NULL AUTO_INCREMENT,
  `name` varchar(255) NOT NULL,
  `foundTime` varchar(255) DEFAULT NULL,
  `foundLocation` varchar(255) DEFAULT NULL,
  `tag` varchar(255) DEFAULT NULL COMMENT '发货标记',
  `desc` text,
  `image` text,
  `status` int(11) NOT NULL DEFAULT '0' COMMENT '0: 即将开拍; 1:拍卖中; 2:拍卖结束; 3:流拍; ',
  `publisher` int(11) NOT NULL,
  `currentBidder` int(11) DEFAULT NULL,
  `group` int(11) NOT NULL,
  `beginPrice` decimal(10,0) NOT NULL,
  `currentPrice` decimal(10,0) NOT NULL,
  `auctionType` tinyint(4) NOT NULL DEFAULT '0' COMMENT '0：时间领先；1：固定时间;',
  `auctionBeginTime` bigint(20) NOT NULL,
  `auctionEndTime` bigint(20) NOT NULL,
  `followCount` int(11) NOT NULL DEFAULT '0',
  `createAt` bigint(20) NOT NULL,
  `updateAt` bigint(20) NOT NULL,
  `type` int(10) unsigned NOT NULL,
  PRIMARY KEY (`id`),
  KEY `publisher` (`publisher`),
  KEY `group` (`group`),
  KEY `item_ibfk_3` (`type`),
  KEY `item_ibfk_4` (`currentBidder`),
  CONSTRAINT `item_ibfk_1` FOREIGN KEY (`publisher`) REFERENCES `user` (`id`) ON DELETE CASCADE ON UPDATE CASCADE,
  CONSTRAINT `item_ibfk_2` FOREIGN KEY (`group`) REFERENCES `item_group` (`id`) ON DELETE CASCADE ON UPDATE CASCADE,
  CONSTRAINT `item_ibfk_3` FOREIGN KEY (`type`) REFERENCES `item_type` (`id`) ON DELETE CASCADE ON UPDATE CASCADE,
  CONSTRAINT `item_ibfk_4` FOREIGN KEY (`currentBidder`) REFERENCES `user` (`id`) ON DELETE CASCADE ON UPDATE CASCADE
) ENGINE=InnoDB AUTO_INCREMENT=25 DEFAULT CHARSET=utf8;

-- ----------------------------
--  Records of `item`
-- ----------------------------
BEGIN;
INSERT INTO `item` VALUES ('1', 'item1', 'Thu Jul 14 2016 17:46:27 GMT+0800 (中国标准时间)', '河北省邯郸市', null, '赵国国宝', '[21,22,23]', '2', '2', '2', '2', '50', '1550', '1', '468489587023', '1468489587023', '100', '1468489587037', '1471618184672', '2'), ('2', 'item2', 'Thu Jul 14 2016 17:46:27 GMT+0800 (中国标准时间)', '河北省邯郸市', null, '<p>长 :68cm 宽 :36cm 材质: 纸本 形式: 画心<br>完残状况：黄斑、污痕、折痕、边有撕口、缺肉</p>\r\n            <p style=\"color: red\">※ 本公司欢迎您亲临查看拍品。</p>\r\n            <p>物品描述<br>注：此拍品约为2.20平尺<br>卢星堂，1938年11月生于常熟，家学渊远。1959年进江苏省国画院深造，得到傅抱石、钱松岩、亚明等当代山水大师真传。\r\n              <br>现为国家一 ...... 卢星堂简介</p>', '[22,23,24]', '2', '3', '3', '2', '50', '1100', '0', '1468489587023', '1468489587023', '200', '1468489587037', '1471619365843', '3'), ('3', 'item3', 'Thu Jul 14 2016 17:46:27 GMT+0800 (中国标准时间)', '河北省邯郸市', null, '<p>长 :68cm 宽 :36cm 材质: 纸本 形式: 画心<br>完残状况：黄斑、污痕、折痕、边有撕口、缺肉</p>\r\n            <p style=\"color: red\">※ 本公司欢迎您亲临查看拍品。</p>\r\n            <p>物品描述<br>注：此拍品约为2.20平尺<br>卢星堂，1938年11月生于常熟，家学渊远。1959年进江苏省国画院深造，得到傅抱石、钱松岩、亚明等当代山水大师真传。\r\n              <br>现为国家一 ...... 卢星堂简介</p>', '[23,24,25]', '2', '4', '4', '4', '50', '1150', '1', '1468489587023', '1468489587023', '299', '1468489587037', '1471286589984', '4'), ('4', 'item4', 'Thu Jul 14 2016 17:46:27 GMT+0800 (中国标准时间)', '河北省邯郸市', null, '赵国国宝', '[24,25,26]', '2', '5', '5', '2', '50', '1200', '0', '1468489587023', '1468489587023', '399', '1468489587037', '1471286590005', '1'), ('5', 'item5', 'Thu Jul 14 2016 17:46:27 GMT+0800 (中国标准时间)', '河北省邯郸市', null, '<p>长 :68cm 宽 :36cm 材质: 纸本 形式: 画心<br>完残状况：黄斑、污痕、折痕、边有撕口、缺肉</p>\r\n            <p style=\"color: red\">※ 本公司欢迎您亲临查看拍品。</p>\r\n            <p>物品描述<br>注：此拍品约为2.20平尺<br>卢星堂，1938年11月生于常熟，家学渊远。1959年进江苏省国画院深造，得到傅抱石、钱松岩、亚明等当代山水大师真传。\r\n              <br>现为国家一 ...... 卢星堂简介</p>', '[25,26,27]', '2', '6', '6', '6', '50', '1250', '1', '1468489587023', '1468489587023', '499', '1468489587037', '1470851518519', '2'), ('6', 'item6', 'Thu Jul 14 2016 17:46:27 GMT+0800 (中国标准时间)', '河北省邯郸市', null, '赵国国宝', '[26,27,28]', '2', '7', '7', '2', '50', '1300', '0', '1468489587023', '1468489587023', '599', '1468489587038', '1468489587038', '3'), ('7', 'item7', 'Thu Jul 14 2016 17:46:27 GMT+0800 (中国标准时间)', '河北省邯郸市', null, '<p>长 :68cm 宽 :36cm 材质: 纸本 形式: 画心<br>完残状况：黄斑、污痕、折痕、边有撕口、缺肉</p>\r\n            <p style=\"color: red\">※ 本公司欢迎您亲临查看拍品。</p>\r\n            <p>物品描述<br>注：此拍品约为2.20平尺<br>卢星堂，1938年11月生于常熟，家学渊远。1959年进江苏省国画院深造，得到傅抱石、钱松岩、亚明等当代山水大师真传。\r\n              <br>现为国家一 ...... 卢星堂简介</p>', '[27,28,29]', '3', '8', '8', '8', '50', '1350', '1', '1468489587023', '1468489587023', '699', '1468489587038', '1468489587038', '4'), ('8', 'item8', 'Thu Jul 14 2016 17:46:27 GMT+0800 (中国标准时间)', '河北省邯郸市', null, '赵国国宝', '[28,29,30]', '2', '9', '9', '6', '50', '1400', '0', '1468489587023', '1468489587023', '799', '1468489587038', '1470851518542', '1'), ('9', 'item9', 'Thu Jul 14 2016 17:46:27 GMT+0800 (中国标准时间)', '河北省邯郸市', null, '<p>长 :68cm 宽 :36cm 材质: 纸本 形式: 画心<br>完残状况：黄斑、污痕、折痕、边有撕口、缺肉</p>\r\n            <p style=\"color: red\">※ 本公司欢迎您亲临查看拍品。</p>\r\n            <p>物品描述<br>注：此拍品约为2.20平尺<br>卢星堂，1938年11月生于常熟，家学渊远。1959年进江苏省国画院深造，得到傅抱石、钱松岩、亚明等当代山水大师真传。\r\n              <br>现为国家一 ...... 卢星堂简介</p>', '[29,30,31]', '2', '10', '2', '2', '50', '909', '1', '1468489587023', '1468489587023', '899', '1468489587038', '1471545516602', '2'), ('10', 'item10', 'Thu Jul 14 2016 17:46:27 GMT+0800 (中国标准时间)', '河北省邯郸市', null, '赵国国宝', '[30,31,32]', '2', '1', '1', '6', '50', '1600', '0', '1468489587023', '1468489587023', '999', '1468489587038', '1468489587038', '3'), ('11', 'item11', 'Thu Jul 14 2016 17:46:27 GMT+0800 (中国标准时间)', '河北省邯郸市', null, '<p>长 :68cm 宽 :36cm 材质: 纸本 形式: 画心<br>完残状况：黄斑、污痕、折痕、边有撕口、缺肉</p>\r\n            <p style=\"color: red\">※ 本公司欢迎您亲临查看拍品。</p>\r\n            <p>物品描述<br>注：此拍品约为2.20平尺<br>卢星堂，1938年11月生于常熟，家学渊远。1959年进江苏省国画院深造，得到傅抱石、钱松岩、亚明等当代山水大师真传。\r\n              <br>现为国家一 ...... 卢星堂简介</p>', '[31,32,33]', '3', '2', '2', '2', '50', '550', '1', '1468489587023', '1468489587023', '1099', '1468489587040', '1468489587040', '4'), ('12', 'item12', 'Thu Jul 14 2016 17:46:27 GMT+0800 (中国标准时间)', '河北省邯郸市', null, '赵国国宝', '[32,33,34]', '3', '3', '3', '6', '50', '600', '0', '1468489587023', '1468489587023', '1199', '1468489587041', '1470851518568', '1'), ('13', 'item13', 'Thu Jul 14 2016 17:46:27 GMT+0800 (中国标准时间)', '河北省邯郸市', null, '<p>长 :68cm 宽 :36cm 材质: 纸本 形式: 画心<br>完残状况：黄斑、污痕、折痕、边有撕口、缺肉</p>\r\n            <p style=\"color: red\">※ 本公司欢迎您亲临查看拍品。</p>\r\n            <p>物品描述<br>注：此拍品约为2.20平尺<br>卢星堂，1938年11月生于常熟，家学渊远。1959年进江苏省国画院深造，得到傅抱石、钱松岩、亚明等当代山水大师真传。\r\n              <br>现为国家一 ...... 卢星堂简介</p>', '[23,24,25]', '3', '4', '4', '6', '50', '650', '1', '1468489587023', '1468489587023', '1299', '1468489587041', '1470851518577', '2'), ('14', 'item14', 'Thu Jul 14 2016 17:46:27 GMT+0800 (中国标准时间)', '河北省邯郸市', null, '赵国国宝', '[24,25,26]', '2', '5', '5', '4', '50', '700', '0', '1468489587023', '1468489587023', '1399', '1468489587041', '1468489587041', '3'), ('15', 'item15', 'Thu Jul 14 2016 17:46:27 GMT+0800 (中国标准时间)', '河北省邯郸市', null, '<p>长 :68cm 宽 :36cm 材质: 纸本 形式: 画心<br>完残状况：黄斑、污痕、折痕、边有撕口、缺肉</p>\r\n            <p style=\"color: red\">※ 本公司欢迎您亲临查看拍品。</p>\r\n            <p>物品描述<br>注：此拍品约为2.20平尺<br>卢星堂，1938年11月生于常熟，家学渊远。1959年进江苏省国画院深造，得到傅抱石、钱松岩、亚明等当代山水大师真传。\r\n              <br>现为国家一 ...... 卢星堂简介</p>', '[25,26,27]', '3', '6', '6', '8', '50', '750', '1', '1468489587023', '1468489587023', '1499', '1468489587041', '1468489587041', '4'), ('16', 'item16', 'Thu Jul 14 2016 17:46:27 GMT+0800 (中国标准时间)', '河北省邯郸市', null, '赵国国宝', '[26,27,28]', '3', '7', '7', '8', '50', '800', '0', '1468489587023', '1468489587023', '1599', '1468489587041', '1470851518584', '1'), ('17', 'item17', 'Thu Jul 14 2016 17:46:27 GMT+0800 (中国标准时间)', '河北省邯郸市', null, '<p>长 :68cm 宽 :36cm 材质: 纸本 形式: 画心<br>完残状况：黄斑、污痕、折痕、边有撕口、缺肉</p>\r\n            <p style=\"color: red\">※ 本公司欢迎您亲临查看拍品。</p>\r\n            <p>物品描述<br>注：此拍品约为2.20平尺<br>卢星堂，1938年11月生于常熟，家学渊远。1959年进江苏省国画院深造，得到傅抱石、钱松岩、亚明等当代山水大师真传。\r\n              <br>现为国家一 ...... 卢星堂简介</p>', '[27,28,29]', '3', '8', '8', '8', '50', '850', '1', '1468489587023', '1468489587023', '1699', '1468489587041', '1471286296382', '2'), ('18', 'item18', 'Thu Jul 14 2016 17:46:27 GMT+0800 (中国标准时间)', '河北省邯郸市', null, '赵国国宝', '[28,29,30]', '3', '9', '9', '6', '50', '900', '0', '1468489587023', '1468489587023', '1799', '1468489587041', '1471286382031', '3'), ('19', 'item19', 'Thu Jul 14 2016 17:46:27 GMT+0800 (中国标准时间)', '河北省邯郸市', null, '<p>长 :68cm 宽 :36cm 材质: 纸本 形式: 画心<br>完残状况：黄斑、污痕、折痕、边有撕口、缺肉</p>\r\n            <p style=\"color: red\">※ 本公司欢迎您亲临查看拍品。</p>\r\n            <p>物品描述<br>注：此拍品约为2.20平尺<br>卢星堂，1938年11月生于常熟，家学渊远。1959年进江苏省国画院深造，得到傅抱石、钱松岩、亚明等当代山水大师真传。\r\n              <br>现为国家一 ...... 卢星堂简介</p>', '[29,30,31]', '3', '10', '10', '4', '50', '950', '1', '1468489587023', '1468489587023', '1899', '1468489587041', '1471286382044', '4'), ('20', 'item20', 'Thu Jul 14 2016 17:46:27 GMT+0800 (中国标准时间)', '河北省邯郸市', null, '赵国国宝', '[30,31,32]', '3', '1', '1', '2', '50', '1000', '0', '1468489587023', '1468489587023', '2004', '1468489587042', '1471286382057', '1'), ('23', '121', '12', '12', '12', '<p>12</p>', '[21,21,21]', '3', '2', null, '2', '12', '212', '0', '1470730978580', '1470730978580', '0', '1470730988540', '1471286296427', '1'), ('24', '12121', '1212', '1212', '121', '<p>1212</p>', null, '3', '2', null, '3', '121', '121', '0', '1470844860000', '1470850044540', '0', '1470850074986', '1471286296438', '2');
COMMIT;

-- ----------------------------
--  Table structure for `item_group`
-- ----------------------------
DROP TABLE IF EXISTS `item_group`;
CREATE TABLE `item_group` (
  `id` int(11) NOT NULL AUTO_INCREMENT,
  `name` varchar(255) NOT NULL,
  `image` varchar(255) DEFAULT NULL,
  `desc` varchar(255) DEFAULT NULL,
  `no` int(11) NOT NULL DEFAULT '0' COMMENT '第几个专场',
  `isOpen` tinyint(1) NOT NULL DEFAULT '0' COMMENT '是否在首页显示',
  `createAt` bigint(20) NOT NULL DEFAULT '0',
  `updateAt` bigint(20) NOT NULL DEFAULT '0',
  PRIMARY KEY (`id`),
  UNIQUE KEY `name` (`name`)
) ENGINE=InnoDB AUTO_INCREMENT=9 DEFAULT CHARSET=utf8;

-- ----------------------------
--  Records of `item_group`
-- ----------------------------
BEGIN;
INSERT INTO `item_group` VALUES ('1', 'aa专场', '[0]', ' 这是第i个专场 ，专场介绍要长   这是第i个专场 ，专场介绍要长   这是第i个专场 ，专场介绍要长   这是第i个专场 ，专场介绍要长   这是第i个专场 ，专场介绍要长   这是第i个专场 ，专场介绍要长   这是第i个专场 ，专场介绍要长   这是第i个专场 ，专场介绍要长  ', '1', '0', '1468489586896', '1468489586896'), ('2', 'bb专场', '[1]', ' 这是第i个专场 ，专场介绍要长   这是第i个专场 ，专场介绍要长   这是第i个专场 ，专场介绍要长   这是第i个专场 ，专场介绍要长   这是第i个专场 ，专场介绍要长   这是第i个专场 ，专场介绍要长   这是第i个专场 ，专场介绍要长   这是第i个专场 ，专场介绍要长  ', '1', '1', '1468489586896', '1468489586896'), ('3', 'cc专场', '[2]', ' 这是第i个专场 ，专场介绍要长   这是第i个专场 ，专场介绍要长   这是第i个专场 ，专场介绍要长   这是第i个专场 ，专场介绍要长   这是第i个专场 ，专场介绍要长   这是第i个专场 ，专场介绍要长   这是第i个专场 ，专场介绍要长   这是第i个专场 ，专场介绍要长  ', '1', '0', '1468489586896', '1468489586896'), ('4', 'dd专场', '[3]', ' 这是第i个专场 ，专场介绍要长   这是第i个专场 ，专场介绍要长   这是第i个专场 ，专场介绍要长   这是第i个专场 ，专场介绍要长   这是第i个专场 ，专场介绍要长   这是第i个专场 ，专场介绍要长   这是第i个专场 ，专场介绍要长   这是第i个专场 ，专场介绍要长  ', '1', '1', '1468489586896', '1468489586896'), ('5', 'ee专场', '[4]', ' 这是第i个专场 ，专场介绍要长   这是第i个专场 ，专场介绍要长   这是第i个专场 ，专场介绍要长   这是第i个专场 ，专场介绍要长   这是第i个专场 ，专场介绍要长   这是第i个专场 ，专场介绍要长   这是第i个专场 ，专场介绍要长   这是第i个专场 ，专场介绍要长  ', '1', '0', '1468489586896', '1468489586896'), ('6', 'ff专场', '[5]', ' 这是第i个专场 ，专场介绍要长   这是第i个专场 ，专场介绍要长   这是第i个专场 ，专场介绍要长   这是第i个专场 ，专场介绍要长   这是第i个专场 ，专场介绍要长   这是第i个专场 ，专场介绍要长   这是第i个专场 ，专场介绍要长   这是第i个专场 ，专场介绍要长  ', '1', '1', '1468489586896', '1468489586896'), ('7', 'gg专场', '[6]', ' 这是第i个专场 ，专场介绍要长   这是第i个专场 ，专场介绍要长   这是第i个专场 ，专场介绍要长   这是第i个专场 ，专场介绍要长   这是第i个专场 ，专场介绍要长   这是第i个专场 ，专场介绍要长   这是第i个专场 ，专场介绍要长   这是第i个专场 ，专场介绍要长  ', '1', '0', '1468489586896', '1468489586896'), ('8', 'hh专场', '[7]', ' 这是第i个专场 ，专场介绍要长   这是第i个专场 ，专场介绍要长   这是第i个专场 ，专场介绍要长   这是第i个专场 ，专场介绍要长   这是第i个专场 ，专场介绍要长   这是第i个专场 ，专场介绍要长   这是第i个专场 ，专场介绍要长   这是第i个专场 ，专场介绍要长  ', '1', '1', '1468489586896', '1468489586896');
COMMIT;

-- ----------------------------
--  Table structure for `item_type`
-- ----------------------------
DROP TABLE IF EXISTS `item_type`;
CREATE TABLE `item_type` (
  `id` int(10) unsigned NOT NULL AUTO_INCREMENT,
  `name` varchar(255) NOT NULL,
  `desc` varchar(255) DEFAULT NULL,
  `createAt` bigint(20) NOT NULL,
  `updateAt` bigint(20) NOT NULL,
  PRIMARY KEY (`id`)
) ENGINE=InnoDB AUTO_INCREMENT=6 DEFAULT CHARSET=utf8;

-- ----------------------------
--  Records of `item_type`
-- ----------------------------
BEGIN;
INSERT INTO `item_type` VALUES ('1', '古玩类型0', '这是古玩类型0', '1468489586886', '1468489586886'), ('2', '古玩类型1', '这是古玩类型1', '1468489586886', '1468489586886'), ('3', '古玩类型2', '这是古玩类型2', '1468489586886', '1468489586886'), ('4', '古玩类型3', '这是古玩类型3', '1468489586886', '1468489586886'), ('5', '古玩类型4', '这是古玩类型4', '1468489586886', '1468489586886');
COMMIT;

-- ----------------------------
--  Table structure for `message`
-- ----------------------------
DROP TABLE IF EXISTS `message`;
CREATE TABLE `message` (
  `id` int(11) NOT NULL AUTO_INCREMENT,
  `from` int(11) NOT NULL,
  `to` int(11) NOT NULL,
  `title` varchar(255) NOT NULL,
  `content` text,
  `read` tinyint(1) NOT NULL DEFAULT '0',
  `createAt` bigint(20) NOT NULL DEFAULT '0',
  `updateAt` bigint(20) NOT NULL DEFAULT '0',
  PRIMARY KEY (`id`),
  KEY `from` (`from`),
  KEY `to` (`to`),
  CONSTRAINT `message_ibfk_1` FOREIGN KEY (`from`) REFERENCES `user` (`id`) ON DELETE CASCADE ON UPDATE CASCADE,
  CONSTRAINT `message_ibfk_2` FOREIGN KEY (`to`) REFERENCES `user` (`id`) ON DELETE CASCADE ON UPDATE CASCADE
) ENGINE=InnoDB AUTO_INCREMENT=148 DEFAULT CHARSET=utf8;

-- ----------------------------
--  Records of `message`
-- ----------------------------
BEGIN;
INSERT INTO `message` VALUES ('1', '1', '2', '这是user1发给user2的消息', 'Hello, user1, I\'m user 2', '1', '1468489586858', '1468489586858'), ('2', '2', '3', '这是user2发给user3的消息', 'Hello, user2, I\'m user 3', '0', '1468489586858', '1468489586858'), ('3', '3', '4', '这是user3发给user4的消息', 'Hello, user3, I\'m user 4', '1', '1468489586858', '1468489586858'), ('4', '4', '5', '这是user4发给user5的消息', 'Hello, user4, I\'m user 5', '0', '1468489586858', '1468489586858'), ('5', '5', '6', '这是user5发给user6的消息', 'Hello, user5, I\'m user 6', '1', '1468489586858', '1468489586858'), ('6', '6', '7', '这是user6发给user7的消息', 'Hello, user6, I\'m user 7', '0', '1468489586858', '1468489586858'), ('7', '7', '8', '这是user7发给user8的消息', 'Hello, user7, I\'m user 8', '1', '1468489586858', '1468489586858'), ('8', '8', '9', '这是user8发给user9的消息', 'Hello, user8, I\'m user 9', '0', '1468489586858', '1468489586858'), ('9', '9', '10', '这是user9发给user10的消息', 'Hello, user9, I\'m user 10', '1', '1468489586858', '1468489586858'), ('10', '10', '1', '这是user10发给user1的消息', 'Hello, user1, I\'m user 10', '0', '1468489586858', '1468489586858'), ('11', '1', '9', '系统消息', '您的商品9状态为3', '0', '1471333029578', '1471333029578'), ('12', '1', '2', '系统消息', '您的商品9状态为3', '0', '1471333029578', '1471333029578'), ('13', '1', '2', '系统消息', '您的商品9状态为3', '0', '1471333029578', '1471333029578'), ('14', '1', '2', '系统消息', '您的商品9状态为3', '0', '1471333029578', '1471333029578'), ('15', '1', '2', '系统消息', '您的商品9状态为3', '0', '1471333029578', '1471333029578'), ('16', '1', '2', '系统消息', '您的商品9状态为3', '0', '1471333029578', '1471333029578'), ('17', '1', '2', '系统消息', '您的商品9状态为3', '0', '1471333029578', '1471333029578'), ('18', '1', '2', '系统消息', '您的商品9状态为3', '0', '1471333029578', '1471333029578'), ('19', '1', '2', '系统消息', '您的商品9状态为3', '0', '1471333029578', '1471333029578'), ('20', '1', '2', '系统消息', '您的商品9状态为3', '0', '1471333029578', '1471333029578'), ('21', '1', '2', '系统消息', '您的商品9状态为3', '0', '1471333029578', '1471333029578'), ('22', '1', '2', '系统消息', '您的商品9状态为3', '0', '1471333029578', '1471333029578'), ('23', '1', '2', '系统消息', '您的商品9状态为3', '0', '1471333029578', '1471333029578'), ('24', '1', '2', '系统消息', '您的商品9状态为3', '0', '1471333029578', '1471333029578'), ('25', '1', '2', '系统消息', '您的商品9状态为3', '0', '1471333029578', '1471333029578'), ('26', '1', '9', '系统消息', '您的商品9状态为3', '0', '1471333798526', '1471333798526'), ('27', '1', '2', '系统消息', '您的商品9状态为3', '0', '1471333798526', '1471333798526'), ('28', '1', '2', '系统消息', '您的商品9状态为3', '0', '1471333798526', '1471333798526'), ('29', '1', '2', '系统消息', '您的商品9状态为3', '0', '1471333798526', '1471333798526'), ('30', '1', '2', '系统消息', '您的商品9状态为3', '0', '1471333798526', '1471333798526'), ('31', '1', '2', '系统消息', '您的商品9状态为3', '0', '1471333798526', '1471333798526'), ('32', '1', '2', '系统消息', '您的商品9状态为3', '0', '1471333798526', '1471333798526'), ('33', '1', '2', '系统消息', '您的商品9状态为3', '0', '1471333798526', '1471333798526'), ('34', '1', '2', '系统消息', '您的商品9状态为3', '0', '1471333798526', '1471333798526'), ('35', '1', '2', '系统消息', '您的商品9状态为3', '0', '1471333798526', '1471333798526'), ('36', '1', '2', '系统消息', '您的商品9状态为3', '0', '1471333798526', '1471333798526'), ('37', '1', '2', '系统消息', '您的商品9状态为3', '0', '1471333798526', '1471333798526'), ('38', '1', '2', '系统消息', '您的商品9状态为3', '0', '1471333798526', '1471333798526'), ('39', '1', '2', '系统消息', '您的商品9状态为3', '0', '1471333798526', '1471333798526'), ('40', '1', '2', '系统消息', '您的商品9状态为3', '0', '1471333798526', '1471333798526'), ('41', '1', '2', '系统消息', '您的商品9状态为3', '0', '1471333798526', '1471333798526'), ('42', '1', '9', '系统消息', '您的商品item9状态为落后', '0', '1471541270426', '1471541270426'), ('43', '1', '2', '系统消息', '您的商品item9状态为落后', '0', '1471541270426', '1471541270426'), ('44', '1', '2', '系统消息', '您的商品item9状态为落后', '0', '1471541270426', '1471541270426'), ('45', '1', '2', '系统消息', '您的商品item9状态为落后', '0', '1471541270426', '1471541270426'), ('46', '1', '2', '系统消息', '您的商品item9状态为落后', '0', '1471541270426', '1471541270426'), ('47', '1', '2', '系统消息', '您的商品item9状态为落后', '0', '1471541270426', '1471541270426'), ('48', '1', '2', '系统消息', '您的商品item9状态为落后', '0', '1471541270426', '1471541270426'), ('49', '1', '2', '系统消息', '您的商品item9状态为落后', '0', '1471541270426', '1471541270426'), ('50', '1', '2', '系统消息', '您的商品item9状态为落后', '0', '1471541270426', '1471541270426'), ('51', '1', '2', '系统消息', '您的商品item9状态为落后', '0', '1471541270426', '1471541270426'), ('52', '1', '2', '系统消息', '您的商品item9状态为落后', '0', '1471541270426', '1471541270426'), ('53', '1', '2', '系统消息', '您的商品item9状态为落后', '0', '1471541270426', '1471541270426'), ('54', '1', '2', '系统消息', '您的商品item9状态为落后', '0', '1471541270426', '1471541270426'), ('55', '1', '2', '系统消息', '您的商品item9状态为落后', '0', '1471541270426', '1471541270426'), ('56', '1', '2', '系统消息', '您的商品item9状态为落后', '0', '1471541270426', '1471541270426'), ('57', '1', '2', '系统消息', '您的商品item9状态为落后', '0', '1471541270426', '1471541270426'), ('58', '1', '2', '系统消息', '您的商品item9状态为落后', '0', '1471541270426', '1471541270426'), ('59', '1', '2', '系统消息', '您的商品undefined暂时领先', '0', '1471541938514', '1471541938514'), ('60', '1', '9', '系统消息', '您的商品undefined被超越', '0', '1471541938523', '1471541938523'), ('61', '1', '2', '系统消息', '您的商品undefined被超越', '0', '1471541938524', '1471541938524'), ('62', '1', '2', '系统消息', '您的商品undefined被超越', '0', '1471541938524', '1471541938524'), ('63', '1', '2', '系统消息', '您的商品undefined被超越', '0', '1471541938524', '1471541938524'), ('64', '1', '2', '系统消息', '您的商品undefined被超越', '0', '1471541938524', '1471541938524'), ('65', '1', '2', '系统消息', '您的商品undefined被超越', '0', '1471541938524', '1471541938524'), ('66', '1', '2', '系统消息', '您的商品undefined被超越', '0', '1471541938524', '1471541938524'), ('67', '1', '2', '系统消息', '您的商品undefined被超越', '0', '1471541938524', '1471541938524'), ('68', '1', '2', '系统消息', '您的商品undefined被超越', '0', '1471541938524', '1471541938524'), ('69', '1', '2', '系统消息', '您的商品undefined被超越', '0', '1471541938524', '1471541938524'), ('70', '1', '2', '系统消息', '您的商品undefined被超越', '0', '1471541938524', '1471541938524'), ('71', '1', '2', '系统消息', '您的商品undefined被超越', '0', '1471541938524', '1471541938524'), ('72', '1', '2', '系统消息', '您的商品undefined被超越', '0', '1471541938524', '1471541938524'), ('73', '1', '2', '系统消息', '您的商品undefined被超越', '0', '1471541938524', '1471541938524'), ('74', '1', '2', '系统消息', '您的商品undefined被超越', '0', '1471541938524', '1471541938524'), ('75', '1', '2', '系统消息', '您的商品undefined被超越', '0', '1471541938524', '1471541938524'), ('76', '1', '2', '系统消息', '您的商品undefined被超越', '0', '1471541938524', '1471541938524'), ('77', '1', '2', '系统消息', '您的商品undefined被超越', '0', '1471541938524', '1471541938524'), ('78', '1', '2', '系统消息', '您的商品item9暂时领先', '0', '1471541971815', '1471541971815'), ('79', '1', '9', '系统消息', '您的商品item9被超越', '0', '1471541971827', '1471541971827'), ('80', '1', '2', '系统消息', '您的商品item9被超越', '0', '1471541971827', '1471541971827'), ('81', '1', '2', '系统消息', '您的商品item9被超越', '0', '1471541971827', '1471541971827'), ('82', '1', '2', '系统消息', '您的商品item9被超越', '0', '1471541971827', '1471541971827'), ('83', '1', '2', '系统消息', '您的商品item9被超越', '0', '1471541971827', '1471541971827'), ('84', '1', '2', '系统消息', '您的商品item9被超越', '0', '1471541971827', '1471541971827'), ('85', '1', '2', '系统消息', '您的商品item9被超越', '0', '1471541971827', '1471541971827'), ('86', '1', '2', '系统消息', '您的商品item9被超越', '0', '1471541971827', '1471541971827'), ('87', '1', '2', '系统消息', '您的商品item9被超越', '0', '1471541971827', '1471541971827'), ('88', '1', '2', '系统消息', '您的商品item9被超越', '0', '1471541971827', '1471541971827'), ('89', '1', '2', '系统消息', '您的商品item9被超越', '0', '1471541971827', '1471541971827'), ('90', '1', '2', '系统消息', '您的商品item9被超越', '0', '1471541971827', '1471541971827'), ('91', '1', '2', '系统消息', '您的商品item9被超越', '0', '1471541971828', '1471541971828'), ('92', '1', '2', '系统消息', '您的商品item9被超越', '0', '1471541971828', '1471541971828'), ('93', '1', '2', '系统消息', '您的商品item9被超越', '0', '1471541971828', '1471541971828'), ('94', '1', '2', '系统消息', '您的商品item9被超越', '0', '1471541971828', '1471541971828'), ('95', '1', '2', '系统消息', '您的商品item9被超越', '0', '1471541971828', '1471541971828'), ('96', '1', '2', '系统消息', '您的商品item9被超越', '0', '1471541971828', '1471541971828'), ('97', '1', '2', '系统消息', '您的商品item9被超越', '0', '1471541971828', '1471541971828'), ('98', '1', '10', '系统消息', '您的商品item9得标', '0', '1471542930189', '1471542930189'), ('99', '1', '10', '系统消息', '您的商品item9得标', '0', '1471543783146', '1471543783146'), ('100', '1', '2', '系统消息', '您的商品item9暂时领先', '0', '1471544339078', '1471544339078'), ('101', '1', '9', '系统消息', '您的商品item9被超越', '0', '1471544339094', '1471544339094'), ('102', '1', '2', '系统消息', '您的商品item9被超越', '0', '1471544339094', '1471544339094'), ('103', '1', '2', '系统消息', '您的商品item9被超越', '0', '1471544339094', '1471544339094'), ('104', '1', '2', '系统消息', '您的商品item9被超越', '0', '1471544339094', '1471544339094'), ('105', '1', '2', '系统消息', '您的商品item9被超越', '0', '1471544339094', '1471544339094'), ('106', '1', '2', '系统消息', '您的商品item9被超越', '0', '1471544339094', '1471544339094'), ('107', '1', '2', '系统消息', '您的商品item9被超越', '0', '1471544339094', '1471544339094'), ('108', '1', '2', '系统消息', '您的商品item9被超越', '0', '1471544339094', '1471544339094'), ('109', '1', '2', '系统消息', '您的商品item9被超越', '0', '1471544339094', '1471544339094'), ('110', '1', '2', '系统消息', '您的商品item9被超越', '0', '1471544339094', '1471544339094'), ('111', '1', '2', '系统消息', '您的商品item9被超越', '0', '1471544339094', '1471544339094'), ('112', '1', '2', '系统消息', '您的商品item9被超越', '0', '1471544339094', '1471544339094'), ('113', '1', '2', '系统消息', '您的商品item9被超越', '0', '1471544339094', '1471544339094'), ('114', '1', '2', '系统消息', '您的商品item9被超越', '0', '1471544339095', '1471544339095'), ('115', '1', '2', '系统消息', '您的商品item9被超越', '0', '1471544339095', '1471544339095'), ('116', '1', '2', '系统消息', '您的商品item9被超越', '0', '1471544339095', '1471544339095'), ('117', '1', '2', '系统消息', '您的商品item9被超越', '0', '1471544339095', '1471544339095'), ('118', '1', '2', '系统消息', '您的商品item9被超越', '0', '1471544339095', '1471544339095'), ('119', '1', '2', '系统消息', '您的商品item9被超越', '0', '1471544339095', '1471544339095'), ('120', '1', '2', '系统消息', '您的商品item9被超越', '0', '1471544339095', '1471544339095'), ('121', '1', '2', '系统消息', '您的商品item9得标', '0', '1471544421391', '1471544421391'), ('122', '1', '2', '系统消息', '您的商品item9暂时领先', '0', '1471544436061', '1471544436061'), ('123', '1', '9', '系统消息', '您的商品item9被超越', '0', '1471544436074', '1471544436074'), ('124', '1', '2', '系统消息', '您的商品item9被超越', '0', '1471544436074', '1471544436074'), ('125', '1', '2', '系统消息', '您的商品item9被超越', '0', '1471544436074', '1471544436074'), ('126', '1', '2', '系统消息', '您的商品item9被超越', '0', '1471544436074', '1471544436074'), ('127', '1', '2', '系统消息', '您的商品item9被超越', '0', '1471544436074', '1471544436074'), ('128', '1', '2', '系统消息', '您的商品item9被超越', '0', '1471544436074', '1471544436074'), ('129', '1', '2', '系统消息', '您的商品item9被超越', '0', '1471544436074', '1471544436074'), ('130', '1', '2', '系统消息', '您的商品item9被超越', '0', '1471544436074', '1471544436074'), ('131', '1', '2', '系统消息', '您的商品item9被超越', '0', '1471544436074', '1471544436074'), ('132', '1', '2', '系统消息', '您的商品item9被超越', '0', '1471544436074', '1471544436074'), ('133', '1', '2', '系统消息', '您的商品item9被超越', '0', '1471544436074', '1471544436074'), ('134', '1', '2', '系统消息', '您的商品item9被超越', '0', '1471544436074', '1471544436074'), ('135', '1', '2', '系统消息', '您的商品item9被超越', '0', '1471544436074', '1471544436074'), ('136', '1', '2', '系统消息', '您的商品item9被超越', '0', '1471544436075', '1471544436075'), ('137', '1', '2', '系统消息', '您的商品item9被超越', '0', '1471544436075', '1471544436075'), ('138', '1', '2', '系统消息', '您的商品item9被超越', '0', '1471544436075', '1471544436075'), ('139', '1', '2', '系统消息', '您的商品item9被超越', '0', '1471544436075', '1471544436075'), ('140', '1', '2', '系统消息', '您的商品item9被超越', '0', '1471544436075', '1471544436075'), ('141', '1', '2', '系统消息', '您的商品item9被超越', '0', '1471544436075', '1471544436075'), ('142', '1', '2', '系统消息', '您的商品item9被超越', '0', '1471544436075', '1471544436075'), ('143', '1', '2', '系统消息', '您的商品item9被超越', '0', '1471544436075', '1471544436075'), ('144', '1', '2', '系统消息', '您的商品item9得标', '0', '1471545379633', '1471545379633'), ('145', '1', '2', '系统消息', '您的商品item9得标', '0', '1471545516633', '1471545516633'), ('146', '1', '2', '系统消息', '您的商品item1得标', '0', '1471618184693', '1471618184693'), ('147', '1', '3', '系统消息', '您的商品item2得标', '0', '1471619365875', '1471619365875');
COMMIT;

-- ----------------------------
--  Table structure for `order`
-- ----------------------------
DROP TABLE IF EXISTS `order`;
CREATE TABLE `order` (
  `id` int(11) unsigned NOT NULL AUTO_INCREMENT,
  `user` int(10) NOT NULL,
  `item` int(11) NOT NULL,
  `address` int(11) DEFAULT NULL,
  `status` tinyint(1) NOT NULL DEFAULT '0' COMMENT '[''待确认'', ''待付款'',''待核实'', "待发货", "已发货", "已完成",''已取消'']',
  `price` decimal(10,0) NOT NULL DEFAULT '0',
  `createAt` bigint(20) NOT NULL,
  `updateAt` bigint(20) NOT NULL,
  PRIMARY KEY (`id`),
  KEY `order_ibfk_1` (`user`),
  KEY `order_ibfk_2` (`item`),
  CONSTRAINT `order_ibfk_1` FOREIGN KEY (`user`) REFERENCES `user` (`id`) ON DELETE CASCADE ON UPDATE CASCADE,
  CONSTRAINT `order_ibfk_2` FOREIGN KEY (`item`) REFERENCES `item` (`id`) ON DELETE CASCADE ON UPDATE CASCADE
) ENGINE=InnoDB AUTO_INCREMENT=32 DEFAULT CHARSET=utf8;

-- ----------------------------
--  Records of `order`
-- ----------------------------
BEGIN;
INSERT INTO `order` VALUES ('1', '1', '1', '1', '0', '1000', '1468489587100', '1468489587100'), ('2', '2', '2', '2', '0', '2000', '1468489587100', '1470733822065'), ('3', '3', '3', '3', '2', '3000', '1468489587100', '1468489587100'), ('4', '4', '4', '4', '3', '4000', '1468489587100', '1468489587100'), ('5', '5', '5', '5', '4', '5000', '1468489587100', '1470733905021'), ('6', '6', '6', '6', '0', '6000', '1468489587100', '1468489587100'), ('7', '7', '7', '7', '1', '700', '1468489587100', '1468489587100'), ('8', '8', '8', '8', '2', '800', '1468489587100', '1468489587100'), ('9', '9', '9', '9', '3', '900', '1468489587100', '1468489587100'), ('10', '10', '10', '10', '4', '100', '1468489587100', '1468489587100'), ('11', '2', '1', null, '0', '0', '1470851518451', '1470851518451'), ('12', '5', '4', null, '0', '0', '1470851518480', '1470851518480'), ('13', '6', '5', null, '0', '0', '1470851518516', '1470851518516'), ('14', '9', '8', null, '0', '0', '1470851518536', '1470851518536'), ('15', '10', '9', null, '0', '0', '1470851518553', '1470851518553'), ('16', '3', '2', null, '0', '0', '1471286487519', '1471286487519'), ('17', '4', '3', null, '0', '0', '1471286487544', '1471286487544'), ('18', '3', '2', null, '0', '0', '1471286589945', '1471286589945'), ('19', '4', '3', null, '0', '0', '1471286589979', '1471286589979'), ('20', '5', '4', null, '0', '0', '1471286589999', '1471286589999'), ('21', '10', '9', null, '0', '0', '1471542930166', '1471542930166'), ('22', '10', '9', null, '0', '0', '1471543783120', '1471543783120'), ('23', '2', '9', null, '0', '0', '1471544421365', '1471544421365'), ('24', '2', '9', null, '0', '0', '1471544869406', '1471544869406'), ('25', '2', '9', null, '0', '0', '1471544955435', '1471544955435'), ('26', '2', '9', null, '0', '0', '1471545094262', '1471545094262'), ('27', '2', '9', null, '0', '0', '1471545269196', '1471545269196'), ('28', '2', '9', null, '0', '0', '1471545379620', '1471545379620'), ('29', '2', '9', null, '0', '0', '1471545516621', '1471545516621'), ('30', '2', '1', null, '0', '0', '1471618184681', '1471618184681'), ('31', '3', '2', null, '0', '0', '1471619365848', '1471619365848');
COMMIT;

-- ----------------------------
--  Table structure for `role`
-- ----------------------------
DROP TABLE IF EXISTS `role`;
CREATE TABLE `role` (
  `id` int(11) NOT NULL AUTO_INCREMENT,
  `name` varchar(255) NOT NULL,
  `desc` text,
  `extend` varchar(255) NOT NULL,
  `createAt` bigint(20) NOT NULL DEFAULT '0',
  `updateAt` bigint(20) NOT NULL DEFAULT '0',
  PRIMARY KEY (`id`),
  UNIQUE KEY `name` (`name`),
  KEY `extends` (`extend`)
) ENGINE=InnoDB AUTO_INCREMENT=4 DEFAULT CHARSET=utf8;

-- ----------------------------
--  Records of `role`
-- ----------------------------
BEGIN;
INSERT INTO `role` VALUES ('1', 'anonymous', 'user which has not signed up yet', '[]', '1468256270300', '1468256270300'), ('2', 'registered', 'user which has already signed up and not assigned to other role', '[\"anonymous\"]', '1468256270542', '1468256270542'), ('3', 'admin', 'admin', '[\"registered\"]', '1468256270542', '1468256270542');
COMMIT;

-- ----------------------------
--  Table structure for `role_authority`
-- ----------------------------
DROP TABLE IF EXISTS `role_authority`;
CREATE TABLE `role_authority` (
  `id` int(11) NOT NULL AUTO_INCREMENT,
  `role` int(11) NOT NULL,
  `authority` int(11) NOT NULL,
  `createAt` bigint(20) NOT NULL DEFAULT '0',
  `updateAt` bigint(20) NOT NULL DEFAULT '0',
  PRIMARY KEY (`id`),
  KEY `role` (`role`),
  KEY `authority` (`authority`),
  CONSTRAINT `role_authority_ibfk_1` FOREIGN KEY (`role`) REFERENCES `role` (`id`) ON DELETE CASCADE ON UPDATE CASCADE,
  CONSTRAINT `role_authority_ibfk_2` FOREIGN KEY (`authority`) REFERENCES `authority` (`id`) ON DELETE CASCADE ON UPDATE CASCADE
) ENGINE=InnoDB AUTO_INCREMENT=11 DEFAULT CHARSET=utf8;

-- ----------------------------
--  Records of `role_authority`
-- ----------------------------
BEGIN;
INSERT INTO `role_authority` VALUES ('1', '1', '1', '1468489586696', '1468489586696'), ('2', '2', '2', '1468489586696', '1468489586696'), ('3', '1', '3', '1468489586696', '1468489586696'), ('4', '2', '1', '1468489586696', '1468489586696'), ('5', '1', '2', '1468489586696', '1468489586696'), ('6', '2', '3', '1468489586696', '1468489586696'), ('7', '1', '1', '1468489586696', '1468489586696'), ('8', '2', '2', '1468489586696', '1468489586696'), ('9', '1', '3', '1468489586696', '1468489586696'), ('10', '2', '1', '1468489586696', '1468489586696');
COMMIT;

-- ----------------------------
--  Table structure for `service`
-- ----------------------------
DROP TABLE IF EXISTS `service`;
CREATE TABLE `service` (
  `id` int(10) unsigned NOT NULL AUTO_INCREMENT,
  `image` int(11) NOT NULL,
  `title` varchar(255) NOT NULL,
  `content` text NOT NULL,
  `createAt` bigint(255) NOT NULL,
  `updateAt` bigint(20) NOT NULL,
  PRIMARY KEY (`id`,`title`),
  KEY `service_ibfk_1` (`image`),
  CONSTRAINT `service_ibfk_1` FOREIGN KEY (`image`) REFERENCES `image` (`id`) ON DELETE CASCADE ON UPDATE CASCADE
) ENGINE=InnoDB AUTO_INCREMENT=5 DEFAULT CHARSET=utf8;

-- ----------------------------
--  Records of `service`
-- ----------------------------
BEGIN;
INSERT INTO `service` VALUES ('1', '1', '如实描述', '是指房产买房将其已抵押给银行或按揭方式购买且尚未还清的房产转让给', '1468489586601', '1468489586601'), ('2', '2', '快速上拍', '是指房产买房将其已抵押给银行或按揭方式购买且尚未还清的房产转让给', '1468489586601', '1468489586601'), ('3', '3', '24小时发货', '是指房产买房将其已抵押给银行或按揭方式购买且尚未还清的房产转让给', '1468489586601', '1468489586601'), ('4', '4', '诚信服务', '是指房产买房将其已抵押给银行或按揭方式购买且尚未还清的房产转让给', '1468489586601', '1468489586601');
COMMIT;

-- ----------------------------
--  Table structure for `session`
-- ----------------------------
DROP TABLE IF EXISTS `session`;
CREATE TABLE `session` (
  `id` int(11) unsigned NOT NULL AUTO_INCREMENT,
  `cookie` varchar(255) NOT NULL DEFAULT '',
  `data` text,
  `expire` bigint(11) NOT NULL,
  PRIMARY KEY (`id`),
  UNIQUE KEY `cookie` (`cookie`),
  KEY `expire` (`expire`)
) ENGINE=InnoDB AUTO_INCREMENT=180 DEFAULT CHARSET=utf8;

-- ----------------------------
--  Records of `session`
-- ----------------------------
BEGIN;
INSERT INTO `session` VALUES ('1', 'ZvHgReqiUa7_eH5PuqyGxHcx1LzUS_6b', '{\"user\":{\"id\":2,\"username\":\"admin\",\"email\":\"1573328344@qq.com\",\"emailValidate\":1,\"desc\":\"I\'m zhangle\",\"avatar\":1,\"creditLines\":1,\"level\":2,\"role\":3,\"lastLogin\":1470748073288,\"createAt\":1468489586719,\"updateAt\":1470742842706,\"totalVolume\":1,\"totalTurnover\":1100}}', '1470842495883'), ('2', 'YDZwLEQm43KPMcU_EOfXUBDvAEuVlVjP', null, '1470834086749'), ('3', 'uKmRlPIsxxZuSd2KYkd_UCwtW9zVrdGL', null, '1470834088534'), ('4', '7YkTGT4UaH2HajumQvT2lALwImnhLNl0', null, '1470834098816'), ('5', 'N5wyflD9H_NNtC3ZiP2fzJCWfxAOBuMI', null, '1470834136669'), ('6', '0SB_k8l_LV_5Nxz7TFOnHq4ct8d2LjeM', null, '1470834149271'), ('7', 'aOu_TBOcMHzpS2eE8D2ZNuMZ_leyYQ03', null, '1470834264414'), ('8', 'STEYUpRpPa5IXdmuHayr_nQplFH9vKhq', null, '1470834791323'), ('9', 'nY0UazCjqRMWDEu4KyR7zEYoOcFgvtQP', null, '1470840641875'), ('10', 'bQPUPwm3uesNm8dKI3IPbHla_3SIchfX', null, '1470840664970'), ('11', 'AKFrjDhry0El4IwQuxitWl6wGlYy_XGO', null, '1470840706131'), ('12', 'AmuOVDRQcFprsKr_Aik3XPaF9_s8L7Bd', null, '1470840749814'), ('13', 'LUVRevf3p_G9_jFejlVsViqYv1J10zbr', null, '1470840792246'), ('14', 'byBO89gXPiFr79i661v2OCGsJZlvl4FB', null, '1470840835058'), ('15', 'a_2YZnq6a8ZeD_KZGLAL_u16_gTNNYo_', null, '1470840878313'), ('16', 'BbFFsCngGfG1XM5uGcY0Du8dOPdr1uGX', null, '1470842104652'), ('17', '8JANYVxxwlDEOs_bGjQMljCJm69ZHhRN', null, '1470842141272'), ('18', 'pUXmvHY4TFsyZB_MuoT8Us_Va54I7m6j', null, '1470842179912'), ('19', 'ixSSUNAFNVMjST4VKQA58x7luc_v6gkc', null, '1470842228957'), ('20', 'bkYusUHMJpC05rlYli6eMHijODTnoBWd', null, '1470842266580'), ('21', 'tHtOCljAvXLFRabrYYNn1Ikx61SQkwBX', null, '1470842305933'), ('22', 'Dg9FDGoLHfhkulV_tLJortIHT3zrvwi2', null, '1470842344408'), ('23', 'jS2zUbr75tS0aL7E62HLk4fZK86uXhpi', null, '1470842382332'), ('24', 'MyoAtN5pP55ppk5mKy_kVoWv30SAehOP', null, '1470842420957'), ('25', 'ERSm8YJaR9gWmRTBlPvfrHsarmAmf0ah', null, '1470842459587'), ('26', 'bqOezgexI0biN_azY0TOoGgk6209St5q', null, '1470842466405'), ('27', 'SuGLe0f9luXcb_1XnyWWMg7iGa1Q8cuN', null, '1470842498626'), ('28', 'EC72ZDjX9EsCRO3Qb_eWA5sW_aDYioCw', '{\"user\":{\"id\":2,\"username\":\"admin\",\"email\":\"1573328344@qq.com\",\"emailValidate\":1,\"desc\":\"I\'m zhangle\",\"avatar\":1,\"creditLines\":1,\"level\":2,\"role\":3,\"lastLogin\":1470756561637,\"createAt\":1468489586719,\"updateAt\":1470748073332,\"totalVolume\":1,\"totalTurnover\":1100}}', '1470844669759'), ('29', 'nzRdv30LD1XxCwnU2e2MABljX2REnn9S', null, '1470842761416'), ('30', 'rEhFQ2IgUb0k35_HNkOFoRdVSvuMMGq3', null, '1470842796940'), ('31', 'tLljF2RSSmod8w0xvhAjiMtkpnCxeXit', null, '1470842835666'), ('32', 'cJP8eW9hAkyI25yyT9nWkNXGlVjdEUJu', null, '1470842837441'), ('33', 'TJuVe0VrB8WRRDCspfLp4BGcBsKwhVjT', null, '1470842875164'), ('34', 'ZzaQeT2_vTjUGdJodozDE_XC9OKor_AL', null, '1470842914139'), ('35', 'VCZUtjlqMfglkzaFw9Rw7_w6HtQHsE_m', null, '1470842950748'), ('36', 'GVU_A6TZKcDXZB5VRNoNb6tUCayxFTO_', null, '1470842972072'), ('37', 'Bxozz_OvqZ5JMXznf6QJH98ng9fXnfeI', null, '1470842989110'), ('38', 'I9brX6huTTm4t4ipdvQ7qj0EnU0IquTU', null, '1470843026961'), ('39', 'ice0CUyQM1OJS5tuMmEGJf0DxIHDFcxL', null, '1470843064899'), ('40', 'CVUf6AM_vWyDCNyV4vLTrBRyXCp7JsP_', null, '1470843075442'), ('41', 'PMHcvPX8m2VliXf1x0lRvpXHV7_h8d5w', '{\"user\":{\"id\":2,\"username\":\"admin\",\"email\":\"1573328344@qq.com\",\"emailValidate\":1,\"desc\":\"I\'m zhangle\",\"avatar\":1,\"creditLines\":1,\"level\":2,\"role\":3,\"lastLogin\":1470756947538,\"createAt\":1468489586719,\"updateAt\":1470756561658,\"totalVolume\":1,\"totalTurnover\":1100}}', '1470843385413'), ('42', 'F9l_6gwHN_urGhzamVZ_Q9gq5FRtxSxE', '{\"user\":{\"id\":2,\"username\":\"admin\",\"email\":\"1573328344@qq.com\",\"emailValidate\":1,\"desc\":\"I\'m zhangle\",\"avatar\":1,\"creditLines\":1,\"level\":2,\"role\":3,\"lastLogin\":1470845466978,\"createAt\":1468489586719,\"updateAt\":1470756947550,\"totalVolume\":1,\"totalTurnover\":1100}}', '1470940057986'), ('43', 'RQr8rG9CRj_LWBqkxvS66c0S_Vl_bAS1', null, '1470931566325'), ('44', 'Mwh5dytPsdLfF6pTRrUmdRGqK9ENNa_L', null, '1470931690510'), ('45', 'sLfdFB0dGRtuPZe1R218j180bz_c6Dip', null, '1470931708158'), ('46', 'FlxSxrsmSn7jx6PikrVzFAuEDdQrwQkj', null, '1470932289566'), ('47', 'FohGHM1f_YpB2pkRicEEwAIl9zs7CwRA', null, '1470932296001'), ('48', 'ny8Y2Fgi_IZCwH3lOwHeux8vH1mbfLLs', null, '1470932593103'), ('49', 'eLk8X_uc_WRLUpyDHXP2PueW_Gxv3lrf', null, '1470932665453'), ('50', '2HWj1AS1QH3YbGba13VocapNWM175Vzl', null, '1470932671544'), ('51', 'khd5JIW7ICH6IvXyCzMGObofc1OO8fpJ', null, '1470932716833'), ('52', '_mPvU2ktEGuTPSBUXO3WW10r1YOGZh6t', null, '1470932985848'), ('53', 'HKmQFTy8I5J2e5x9pKxAKhH_PlneGepj', null, '1470932986588'), ('54', 'QgsOOXAzdOaQhyQRima7rLkoBLPU2FPe', null, '1470933126715'), ('55', 'Fc13oh5RyAIr3u7vKcMi_kHsa08mlde5', null, '1470933157053'), ('56', 'Sf1P2mg7q7wt2l8Qvoisp7oYCVO0E0kk', null, '1470933180324'), ('57', 'b4Hv4JKoJldPWjSoQS4VyAnEr_nai9DS', null, '1470933438895'), ('58', 'jJZofqwy4jbybb0rdYNKpGt549fb8G1w', null, '1470933442717'), ('59', 'c9my5QF8L019txT2hEmXC5ufyt2kdEKA', null, '1470933443756'), ('60', 'lXdvSuijby96syZ5MpIuIzSVw57TZLKx', null, '1470933446590'), ('61', 'aBEDECUIGi5_i1Lk9ZkOThfGdLZ1y7cs', null, '1470933447134'), ('62', 'PFzebxuuousnXxmBq7xcG_1x0wvL6IQ1', null, '1470933452933'), ('63', 'AOlOWRZgG1muOSY2vT_sJl_LWSnR85N9', null, '1470933453516'), ('64', 'nzevkUCjy7Xd31qM7GexgBRfVTg0PmmI', null, '1470933490178'), ('65', 'a_u22vQcA4G1VIEjhzPEVB2aK4GH5o8Q', null, '1470933498878'), ('66', 'tVYE9h_J5myGpLGo79uW7HVabohO8MI2', null, '1470933507052'), ('67', 'liHPJk7IhlPjhKpXaxm6_cQoxpG6dSdM', null, '1470933559825'), ('68', 'uDq0bmdwxdPAOpsmurLhXpmWVdgroXXJ', null, '1470933735348'), ('69', 'OEtoBccYIOi1Ycs1E566Ib9I_WaIuRD_', null, '1470933754319'), ('70', '_IqPl_NBGj5wEGxzn0H9MOFywA_jtsLN', null, '1470933773636'), ('71', 'S12Z0qHYPhdb_QMre_rozDpbYDB5WZFc', null, '1470933820775'), ('72', 'mViEwV9cJw1dElVPaW__oH7uxBynvkGJ', null, '1470933870548'), ('73', 'MnrT8j5IYu6OsRwP7lRrdpRZvyodzKkt', null, '1470934103029'), ('74', 'WzokoncPTESG0wsEcsabFaMAimES4YaK', null, '1470934246610'), ('75', '0PHFJ0HM6GZ5pEegzfWJA8ZA3q89PMR2', null, '1470934248579'), ('76', 'RGIX9OcTjLL9gmZbpmByTHcOGw2qraYT', null, '1470934251593'), ('77', '8gCSzpJtk1VBsZeBSt2aAtgGXDIVhDwz', null, '1470934262660'), ('78', 'QFjkz_tN0oQbipQI8wKBcQt0Zyc_YrK8', null, '1470934267486'), ('79', 'lIEQQOwMTSzKnd5Xpytbm07Mf_VmIC4Z', null, '1470934270271'), ('80', 'qTjU7ArJaC9Aah6YKOzo4pxIunD4tfjd', null, '1470934270683'), ('81', 'k9mNSRh20EDARUq721is5ZJ1CohFz7I3', null, '1470934785503'), ('82', 'uA_SQ46_ERqFA2rWrtmAKy_0z2eKYMOi', null, '1470936729920'), ('83', 'Sy7drHTypNbqia40uynP7S7XD80ry8aU', null, '1470936730765'), ('84', 'I6PyAX9_oXezvLxoxtoHLduCJUkzOPr_', null, '1470936733332'), ('85', 'EoSHTnQ_z5gA3kD_sCs46qhBVOkoP6_N', null, '1470936775336'), ('86', '2Pg_KSkLlNbh7OCsmP4IVKTSP1ewZvuI', null, '1470937112003'), ('87', 'Its21nGZ_JtBLNEKCIYpDs0Uwq3airYG', null, '1470937113315'), ('88', 'xjyO_GL6iMkdbLaG_TqXP6vo1Pe753e_', null, '1470939436487'), ('89', 'c8g027KX4DEABxKckkTXpcnz602LISlB', null, '1470939437042'), ('90', 'nCsRh4bOAg2JjtQ642vTIq63KCl2LmvD', null, '1470939515896'), ('91', 'eUvCdF2eoQYWUn6qHS9T4tutfIs4S09c', '{\"user\":{\"id\":2,\"username\":\"admin\",\"email\":\"1573328344@qq.com\",\"emailValidate\":1,\"desc\":\"I\'m zhangle\",\"avatar\":1,\"creditLines\":1,\"level\":2,\"role\":3,\"lastLogin\":1471330660477,\"createAt\":1468489586719,\"updateAt\":1471284669651,\"totalVolume\":2,\"totalTurnover\":2650}}', '1471420198536'), ('92', '9zi6C1QehJD7PBsGVLSEAAxpFRP0T2tY', '{\"user\":{\"id\":2,\"username\":\"admin\",\"email\":\"1573328344@qq.com\",\"emailValidate\":1,\"desc\":\"I\'m zhangle\",\"avatar\":1,\"creditLines\":1,\"level\":2,\"role\":3,\"lastLogin\":1471170188194,\"createAt\":1468489586719,\"updateAt\":1471169883760,\"totalVolume\":2,\"totalTurnover\":2650}}', '1471256922928'), ('93', 'mqS8Pd5oyjcr2XmwvyKvePRP7FJ5BbW8', null, '1471371071884'), ('94', 'ROG5Exss3amZARA0J_Yb_QEjZjIL_ovi', null, '1471371079638'), ('95', 'jl6xBrN0yh9efJaFcJOnlzbifFPZ_pCj', null, '1471371080900'), ('96', 'ZQS64RT8jRZTNIePUyZhwcQeZxMBJb3M', '{\"user\":{\"id\":2,\"username\":\"admin\",\"email\":\"1573328344@qq.com\",\"emailValidate\":1,\"desc\":\"I\'m zhangle\",\"avatar\":1,\"creditLines\":1,\"level\":2,\"role\":3,\"lastLogin\":1471332445467,\"createAt\":1468489586719,\"updateAt\":1471330660479,\"totalVolume\":2,\"totalTurnover\":2650}}', '1471418883244'), ('97', 'JRl_AbV_4RRza4AVv8c_eenDRSXSdMHK', null, '1471374360410'), ('98', 'Ji3TST33wKTlhSsufcQABPUERqgGFbdm', null, '1471374362280'), ('99', 'v5ISj29nOMEuALjjq7nUawNUYSMYa10r', null, '1471374447984'), ('100', 'fXovOJLakCUY67Z6QXuIOS9i3HBSqZvy', null, '1471374449554'), ('101', 'c35K7psierESypcPSopUjM1JAXdfK_Ia', null, '1471374481883'), ('102', 'V35eWppAizgDcXf7A0VC8MFgLvLBrM1J', null, '1471375067056'), ('103', 'D0aawUPxxCURiaMbKZ_gresLUW_sQFTt', null, '1471375068948'), ('104', 'rEJgxC981YCunisWX4IzVgDTEX8rU_XQ', null, '1471375112759'), ('105', 'vX5b_QOD6rxKiJhQZleK7Ig5NX_zMCD6', null, '1471375116181'), ('106', 'WC9YIxJxM9rvtu4ethEzdC35zDKbi85o', null, '1471375190750'), ('107', 'BC7JL_7H_dBIVUH24Jg32OTSo6R4PFIF', null, '1471375196617'), ('108', 'YcYBR5o0TNQWK5CMl8knQOke7Fzc5Xa2', null, '1471376049152'), ('109', 'iTCm5S3nQv9s1WzXV7_QqcCDoR50U0zy', null, '1471376050807'), ('110', 'lOoQ1Flg_hKdwK57Kiep8LkmnJVnZn_X', null, '1471417052945'), ('111', 'zcv2TZnDhHDAMw2Wjpt_U3aXyydS6BTz', null, '1471417240306'), ('112', 'WHBdrUZYZDd6wgxTu0FHOwDQoXosapcn', null, '1471418780148'), ('113', 'hAnehI7Ee15ZWEEJMgatfUDEZEyPgjnl', '{\"user\":{\"id\":2,\"username\":\"admin\",\"email\":\"1573328344@qq.com\",\"emailValidate\":1,\"desc\":\"I\'m zhangle\",\"avatar\":1,\"creditLines\":1,\"level\":2,\"role\":3,\"lastLogin\":1471540824820,\"createAt\":1468489586719,\"updateAt\":1471332445469,\"totalVolume\":2,\"totalTurnover\":2650}}', '1471637872534'), ('114', 'Yn4EeD2uXMwwotBQCrVSRwH1ua2Ns5SJ', null, '1471626890847'), ('115', '0c_nz0iKJ70LW9aid3HIWXxwX3bJoat3', null, '1471627245336'), ('116', 'K8VW48QUiP6zJriq1w9_0t6NFCX6BPAc', null, '1471627250783'), ('117', 'cWh2W_G1p15Im48ZdQwTAH_hhtqaZfgB', null, '1471627259266'), ('118', 'c28QvfUYLMWgBnyGRCYJENld2JX3c93T', null, '1471627665923'), ('119', 'Rae4ROrW2N8mn13ewnfpaQXDUaLvNKKG', null, '1471628296473'), ('120', 'fOZlsWU1HwolRqMlcpr_cIffzv2wKe8Y', null, '1471628390572'), ('121', 'Pck_aSvDPIfQlehuci1y_5zw9omSlDa_', null, '1471629316714'), ('122', 'OBCPfAwJSBF_98nqChNBPwXO7iZSW4wb', null, '1471629335947'), ('123', 'mdjybMjbyNUbwVP9wfwcg4DpSyXaZMFa', null, '1471637709034'), ('124', 'wMPPhUNQY_9VTL6MVwch3LrYxrbUVf2s', null, '1471637802801'), ('125', 'B84WA_2dTLcMXFiIh_Cb73_2cTwg2wHF', null, '1471637844841'), ('126', 'BRdoZ65mdOFh9iWZUklzkXVvc70Ef3Vm', null, '1471637870031'), ('127', 'Hww8NkgZZJpVTAfRnAGg2LYvWK_0_1Fq', '{\"user\":{\"id\":2,\"username\":\"admin\",\"email\":\"1573328344@qq.com\",\"emailValidate\":1,\"desc\":\"I\'m zhangle\",\"avatar\":1,\"creditLines\":1,\"level\":2,\"role\":3,\"lastLogin\":1471630561546,\"createAt\":1468489586719,\"updateAt\":1471629420056,\"totalVolume\":10,\"totalTurnover\":3559}}', '1471719005653'), ('128', 'VCgOK9AuSKl0cyrv8pWPWKgqzx10TESV', null, '1471704906187'), ('129', 'Msq3txAubwD082nXEfhxVoE356p7stH9', null, '1471705442563'), ('130', 'Clx5aWwHctAFr3l4eq860fT6RYjBjRt3', null, '1471705454203'), ('131', 'UKVJ3YVWDrg1WWWSoaKExecmsbSCiZz0', null, '1471707303423'), ('132', 'eGj8X9iXeuntcaTSQLE9xLBJWLh9u_dA', null, '1471707327107'), ('133', 'KhMa4oFst8uS200HjUX__IW_goWs35ky', null, '1471707567482'), ('134', 'UDl814uOQWv3DtSBlJPlfxUJ3dOcRv_6', null, '1471707577242'), ('135', 'jrHHSe5DyVVKdn_QUa8Xy7ZvyFQ_MOeL', null, '1471707579705'), ('136', 'qxf7h8r3IkBMZwUoVElwf7o4hlknZdrL', null, '1471707582348'), ('137', 'wMvB_nMUUYpSG6EqOsp0jHiEj2L9fOgY', null, '1471715443888'), ('138', 'KcVctB8XoVXCENCc_KNFpLn753WEvamS', null, '1471715445934'), ('139', 'Ox9H_snXj4c12D6R8Ho35jSsHK35YTcF', null, '1471715457553'), ('140', '7LIFwNGBSvL_4Et_8k86w2Ee4wXFuhhd', null, '1471715979238'), ('141', 'yURw4G8WdV2Tkc4zUCdmIE5sO7puh4oq', null, '1471715983272'), ('142', 'GBoKMHflPc_oIt_cOYgavrLc2_y3uE_y', null, '1471715985753'), ('143', 'JWEAb44jXbz3XkLOJ1tOXtw6up20eLpH', null, '1471715988349'), ('144', 'raUqsycWKEU8r8t_Wd4edVEitAWppo5Y', null, '1471715988931'), ('145', 'CJ_6DoTQTX6Y2zayy3IOEYFn0h3IaVrQ', null, '1471716010955'), ('146', 'OBxKDNELLF_B9EqKAYsEp5lBVX9mAJIp', null, '1471716019917'), ('147', 'kVmaIKFYL0OnkgZe_TOC_TSB7_3k48nb', null, '1471716056491'), ('148', 'CdAveY9JmF4RJgM6WQGNkJExG4hFdhi_', null, '1471716058047'), ('149', 'Yo9Od20zLUrL52mjPNGc2FR_wbRqfeWJ', null, '1471716059264'), ('150', '9RSAOCnslDf4JofLv65i_Y2rzTqrFrcr', null, '1471717992292'), ('151', '8wn5069uy9kAcsIZbZMd_E9US_qKnBha', null, '1471717993618'), ('152', 'bZ7f5mXB17TKDF_6Lu9ADebSIsgNUPKS', null, '1471717995152'), ('153', '7XPjOcfcQG4sNMmer8z9C1SYrY0cLLIj', null, '1471717997350'), ('154', 'FiFSCjTSg6Me1dz1rP_HMYbNpxmnakw7', null, '1471718135915'), ('155', '_nXoNsGQq_LRZdqY50yozuZDgtAJJzmL', null, '1471718137567'), ('156', 'hGmKLDLrfQ1ep5Srx__zSJm3_3kD35CX', null, '1471718139350'), ('157', 'mfZhR6qDvaZhPcJQ_wHUXOFfTNYzLDVM', null, '1471718150640'), ('158', 'WreC3q2SMpH2hZZH59amKPNRlLKTYQ8J', null, '1471718154016'), ('159', 'ET2pxXNAAeC7Je5l_xNpSp_DzxwSY8ba', null, '1471718156509'), ('160', '9Z_L_i4CZ_3ZpNbc4Qpm9lgj6p4Qng1W', null, '1471718181377'), ('161', '_eXrFv97RbuhztIs0mTkwsFBuXroY7AT', null, '1471718194778'), ('162', 'UR_hAmBdAKdMbt0FvlFPJ_UxhZeGoUmM', null, '1471718270252'), ('163', 'ao8AUU10NaR9kM3uo7knsrQhseD4wWz5', null, '1471718272557'), ('164', 'GRCJlDvndYSh7FeIzu_zXzsYtP2tF0sY', null, '1471718274041'), ('165', 'E_Y9f7lxTR0FhhM5_TAvL1FHf_fvlWvr', null, '1471718286938'), ('166', '4_7PefkaOYqpMVPS9glbDcDcZQFRbgnK', null, '1471718294165'), ('167', 'CUAIgCR0swYkvtC7avQcpi36I9JTSjBe', null, '1471718295683'), ('168', 'tpniKq0FTCzeBdtKpnaoKlTbfb3LSW_X', null, '1471718296300'), ('169', 'b2dJ4p0Z06jWP8heWllrsrUQF9cy0q3d', null, '1471718298505'), ('170', 'LlkQmXEw8HgNkAR0uA9Qm1RqW0zAhP5h', null, '1471718299867'), ('171', 'CEOZzpQ01tpbaIY6qR_jzxSaoFlXfozo', null, '1471718304776'), ('172', '2XTU2lsLyORALw2GvGAfQa8Al14ZKnDx', null, '1471718307654'), ('173', 'wAsgXSu6aaZ_1fWLaheDoEjAuz7rkpOt', null, '1471718751984'), ('174', 'CJNP708W_PM4waVCEinkPSblneqPqv_p', null, '1471718753720'), ('175', 'mMgFucwESjT76mw1aG7FFGvuzUMeaSMo', null, '1471718919188'), ('176', 'g6YO2dmx3LNrqCMMUOizOqtnpvWBh8_t', null, '1471718920971'), ('177', 'KkSnUlNQYFAZG3Wxt2TE9l1mEgYWTgqn', null, '1471718922711'), ('178', 'J_BWylvxPoEZqER4fOM0vWWek_XpBBLQ', null, '1471718947718'), ('179', '5SoHU4vzaUc0G71GxVj2iFVS9ZxEM57Z', null, '1471718948233');
COMMIT;

-- ----------------------------
--  Table structure for `user`
-- ----------------------------
DROP TABLE IF EXISTS `user`;
CREATE TABLE `user` (
  `id` int(11) NOT NULL AUTO_INCREMENT,
  `username` varchar(255) NOT NULL,
  `password` varchar(255) NOT NULL,
  `email` varchar(255) NOT NULL,
  `emailValidate` tinyint(1) NOT NULL DEFAULT '0',
  `desc` varchar(255) DEFAULT NULL,
  `avatar` int(255) NOT NULL DEFAULT '1',
  `creditLines` decimal(10,0) NOT NULL DEFAULT '0',
  `level` int(11) NOT NULL DEFAULT '0',
  `role` int(11) NOT NULL,
  `lastLogin` bigint(11) DEFAULT NULL,
  `createAt` bigint(20) NOT NULL DEFAULT '0',
  `updateAt` bigint(20) NOT NULL DEFAULT '0',
  PRIMARY KEY (`id`),
  UNIQUE KEY `username` (`username`),
  UNIQUE KEY `email` (`email`),
  KEY `role` (`role`),
  KEY `user_ibfk_2` (`avatar`),
  CONSTRAINT `user_ibfk_1` FOREIGN KEY (`role`) REFERENCES `role` (`id`) ON DELETE CASCADE ON UPDATE CASCADE,
  CONSTRAINT `user_ibfk_2` FOREIGN KEY (`avatar`) REFERENCES `image` (`id`) ON DELETE CASCADE ON UPDATE CASCADE
) ENGINE=InnoDB AUTO_INCREMENT=16 DEFAULT CHARSET=utf8;

-- ----------------------------
--  Records of `user`
-- ----------------------------
BEGIN;
INSERT INTO `user` VALUES ('1', 'zl810881283', 'zl7112585', '0573328344@qq.com', '1', 'I\'m zhangle', '1', '5000', '1', '2', '1470745571641', '1468489586718', '1470745571683'), ('2', 'admin', 'admin', '1573328344@qq.com', '1', 'I\'m zhangle', '1', '1', '2', '3', '1471630561546', '1468489586719', '1471630561549'), ('3', 'zhangle2', 'zlpwd2', '2573328344@qq.com', '1', 'I\'m zhangle', '1', '2', '3', '1', '1468489586704', '1468489586719', '1468489586719'), ('4', 'zhangle3', 'zlpwd3', '3573328344@qq.com', '1', 'I\'m zhangle', '1', '3', '4', '1', '1468489586704', '1468489586719', '1468489586719'), ('5', 'zhangle4', 'zlpwd4', '4573328344@qq.com', '1', 'I\'m zhangle', '1', '4', '5', '1', '1468489586704', '1468489586719', '1468489586719'), ('6', 'zhangle5', 'zlpwd5', '5573328344@qq.com', '1', 'I\'m zhangle', '1', '5', '6', '1', '1468489586704', '1468489586720', '1468489586720'), ('7', 'zhangle6', 'zlpwd6', '6573328344@qq.com', '1', 'I\'m zhangle', '1', '6', '7', '1', '1468489586704', '1468489586720', '1468489586720'), ('8', 'zhangle7', 'zlpwd7', '7573328344@qq.com', '1', 'I\'m zhangle', '1', '7', '8', '1', '1468489586704', '1468489586720', '1468489586720'), ('9', 'zhangle8', 'zlpwd8', '8573328344@qq.com', '1', 'I\'m zhangle', '1', '8', '9', '1', '1468489586704', '1468489586720', '1468489586720'), ('10', 'zhangle9', 'zlpwd9', '9573328344@qq.com', '1', 'I\'m zhangle', '1', '9', '10', '1', '1468489586704', '1468489586720', '1468489586720'), ('12', 'zhangle10', 'zlpwd10', '57332@qq.com', '0', null, '1', '0', '0', '2', '1470724024364', '1470224426225', '1470724024383'), ('15', 'test2', 'zl7112585', '8108812831@qq.com', '0', null, '1', '0', '0', '2', '1470741990406', '1470741990519', '1470741990519');
COMMIT;

-- ----------------------------
--  Triggers structure for table bid
-- ----------------------------
DROP TRIGGER IF EXISTS `updateCurrentPrice`;
delimiter ;;
CREATE TRIGGER `updateCurrentPrice` AFTER INSERT ON `bid` FOR EACH ROW BEGIN
UPDATE item set currentPrice=new.value, currentBidder=new.user WHERE(`id`= new.item);
END
 ;;
delimiter ;

delimiter ;;
-- ----------------------------
--  Triggers structure for table follow
-- ----------------------------
 ;;
delimiter ;
DROP TRIGGER IF EXISTS `addFollowCount`;
delimiter ;;
CREATE TRIGGER `addFollowCount` AFTER INSERT ON `follow` FOR EACH ROW BEGIN
UPDATE item SET followCount = followCount+1 WHERE id = new.item;
END
 ;;
delimiter ;
DROP TRIGGER IF EXISTS `minusFollowCount`;
delimiter ;;
CREATE TRIGGER `minusFollowCount` AFTER DELETE ON `follow` FOR EACH ROW BEGIN
update item set followCount = followCount-1 where id = old.item;
END
 ;;
delimiter ;

SET FOREIGN_KEY_CHECKS = 1;
